nombre,correo,usuario,contrase√±a
Sarah Sanchez,fnelson@example.org,taraabbott,2Zr@4COe^s
Edwin Scott,fscott@example.com,destinyhartman,A&1UDsD!M+
Tom White,emily00@example.net,gregory79,K$+AL3GPam
Brittany Bradley,pharrell@example.org,hsantos,d$56X9QB)y
Brett Scott,meredithwilliams@example.org,itorres,eAwLXcPk@0
Haley Johnson,jennifer27@example.org,turnernathan,vjTX9SMQr*
Justin Fletcher,zmartin@example.org,kaitlyn23,9JC7n4%+$1
Robert Maynard,stephaniehayes@example.org,nalexander,@2)3Dr9OFJ
Vincent Arnold,hilljames@example.net,nelsonsusan,^0!YFS5vY&
Richard Johnson,mcculloughrachel@example.org,tracy48,30COFsEv@_
Sherri Hanson,marymontgomery@example.net,andrea87,zqv9FT@Rf#
Joshua Whitaker,josephmiller@example.org,dwalters,!)aI*3eNv6
Samantha Herring,petersonjoseph@example.com,tina12,&s36CZju80
Robert Lewis,qwhite@example.com,sandy28,@8fRO1bEq(
Allison Hopkins,bakererica@example.com,ovazquez,nz+48yP2Z!
Katherine Obrien,michaelbenson@example.net,johnsonlisa,*s16Jvb%(v
Michael Martin,patriciathompson@example.com,oliverpam,r6pHdW3d%Y
Jennifer Bennett,matthew10@example.net,robin89,$4kMMdTqkP
David Clark,lisafischer@example.com,meltonkristopher,+bd5@oVvHS
Matthew Townsend,mooreadam@example.org,bsaunders,2WAZrarq!&
Kenneth Davis,bakerdaniel@example.com,beasleysara,i@q*Y*ew*2
Nathan Brown,davislynn@example.org,kevin58,S%K7E(hfgP
Lindsey Ford,rachel58@example.com,davidgould,^5t24Y$y4n
Kevin Clark,sanchezdaniel@example.net,scottnicholas,n8PG4MZV*L
Charles Scott,donnastevens@example.org,rebeccayang,$2JymuYW27
Benjamin Baker,mwatson@example.com,brooksrichard,w*P64QNb(5
David Nelson,tammy69@example.com,sallen,+!H^6q^m1$
Danielle Edwards,moorethomas@example.net,danielwall,!&Y+jMlb1s
Raven Stout,haroldrodriguez@example.org,craigchristopher,wbk7HdPPR)
Brenda Hughes,wboyd@example.org,davidsondaniel,+BZ4NHiHGF
Ashley Goodwin,rollinscaroline@example.com,coleerika,y8*yHtWr(4
Taylor Coleman DVM,kelleyrobert@example.com,qgarcia,x^9l7CLp#$
Christopher Nelson,sharon04@example.org,jamestaylor,%9P#9EFw+W
David Hughes,thomasmckenzie@example.net,sanchezrachel,C^222tHii9
Samantha Weeks,millerchristopher@example.net,caleb17,&c$HVWUfu9
Danielle Small,nwells@example.org,kaitlin59,!UcaG6Co3T
Stefanie Reese,perrykaren@example.org,erik25,yro9W15oZ!
Sarah Conway,petersencarrie@example.org,janderson,@rcGrH*j7i
Peter Williams,woodgary@example.net,davidsonhelen,+(P5gKstvW
Rebecca Haley,jennifer41@example.org,brian07,%3D8+!ilbE
Brandy Lee,tannermichael@example.net,bmalone,%t0!E&yhdY
Dr. Duane Mcclure DVM,sschwartz@example.org,michael46,9d&91Dv+0p
Jessica Thompson,tyler16@example.net,audreysimmons,I0iQ8kpq$S
Colleen Ward,annesmith@example.com,amanda47,PY^h5B^lT*
Kelly Jackson DDS,monica66@example.net,lisanewman,&J9Wk0We^+
Alec Smith,curtis61@example.net,nsmith,cZY4%0Mq$z
Travis Butler,daniel48@example.com,michaelsmith,(bIQHcoW2T
Kathy Evans,basskristie@example.net,erikalexander,_%WZ+us)^8
Matthew Schneider,vbruce@example.org,eric31,I&ZN0Jl7uQ
Angela Meyers,carolynthomas@example.org,jose16,G9ukYs_l#^
Christopher Nicholson,joshuabrown@example.net,chadwarren,TrVm0IyAV^
Megan Pena,davidwood@example.org,amy13,s1OdcY!O)x
Melissa Rich,benjamin28@example.net,barnettsteven,3+KdS%#k^*
Mary Lopez,michelleshields@example.net,jlin,^!R&3lbhi2
Tanya Perez,srusso@example.org,coopertracie,r6^Ldd9z@I
Robert Bishop,gpowell@example.net,ramosamy,@K8KEPTrdK
Joshua Howell,john48@example.com,jeffersonisabella,fqtC)0Au4P
Vanessa Olson,cruzjason@example.net,larsensally,*R7H!Bck$z
Brianna Thompson,campbellchristopher@example.org,melissa64,%TR$e%KB$3
Brenda Hutchinson,jason70@example.com,sflores,G@&@00Bkb1
Carol Hawkins,johnsondalton@example.com,tracie28,!!4gsvXzpT
Thomas Pacheco PhD,victorvincent@example.com,nathaniel30,aFZZ45dNh%
Jennifer Taylor,benjamin80@example.com,ebailey,*VbG1rsp7&
Brian Haynes,upatterson@example.com,monica75,z9lJE6Zo@H
Karen Cook,laura09@example.com,steve98,ct7FkCm3)3
Amanda Werner,rachel51@example.net,james57,T3jTRAos_6
Sharon Oneill,houstonheather@example.net,elizabethlee,p1RVFcId*E
Candice Griffin,moorejennifer@example.com,unorman,w71I1_fzO)
Austin Cook,christopher24@example.com,ununez,L7h1CKrn3$
David Smith,patricia55@example.org,cgilmore,_9PQ@Q7z*L
Cynthia Ward,enichols@example.com,fmedina,@Og(ZeLuN3
Lindsey Collins,rosborne@example.org,harriskevin,N_4vDvma3N
Vanessa Hall,laura51@example.com,ramosrichard,O88PKlHaX&
Shari Griffin,brandon26@example.net,kramirez,zE64UL*z(Y
Tanner Ramsey,awilliams@example.org,gregorywalker,%_IZf@aFF0
Kenneth Jennings,emendoza@example.org,sarahroberts,nmCJFEfj_0
Christina Jacobs,donnacampbell@example.org,danielcastro,x4mY(tCy+&
Patricia Morris,garciajordan@example.com,kcrawford,#657ATtf6h
Melissa Smith,zcalhoun@example.net,nicholsonholly,0MCV&uDO@R
Dawn Walker,matthewjohnson@example.org,jason85,iO0R1Dq$P%
Christian Chaney,kimjesse@example.net,gmontoya,i1FgMj(Z(b
Michael Robinson,charleslopez@example.org,barnesjulie,@g6j1Xyf0P
Joseph Hayes,johnsonnathan@example.org,wallaceroger,#^EI1NjU%c
Tricia Johnson,dianalewis@example.net,stevenpalmer,B%Y0aAmc+(
James Paul,bjohnson@example.net,steven18,h4NSVI59$8
Jennifer Nolan,sandersmichael@example.net,susan20,^qL&P)2u01
Paul Riggs,jacksoncarlos@example.com,chrisjohnson,bt3WWdhoO$
Sophia Grant,james89@example.org,fstevens,fiM!6tXmce
David Day,williamsjacqueline@example.net,carpenterdeanna,^5ewRsLxTf
Crystal Castillo,john87@example.com,ryan77,@0*Vguut!4
Amanda Glass,samantha52@example.net,lesliejones,0#D8IMXz+g
Jared Maynard,zbonilla@example.com,aaroncole,p!0EsGv&Oh
Darius Jackson,joannavasquez@example.com,stanner,t^9S+v1Gs3
Christina Newton,morgan78@example.com,wadeashley,!O8KiKNo9+
Kathryn Henry,xbird@example.org,robert95,M7t61U%lu^
Edward Rice,mholden@example.org,llandry,m#)6OPlh@o
Lindsey Martin MD,linda07@example.com,matthewmaddox,Y7bh2BUx%m
William Jackson,brian39@example.org,johnsonmolly,6Q3%AXhy$+
Dr. Susan Bass,rivasryan@example.com,obyrd,&t6YQup%R*
Charles Mendoza,johnturner@example.com,cbrewer,#)8CyDRJxv
Dr. Katherine Nguyen,prichards@example.net,jerryfox,ri30tX6m*b
Anthony Walker,haileysmith@example.net,mark70,vgH#8KsXbm
James Ramirez,grossjoshua@example.net,kevin43,x8XS%Mnq#1
Elizabeth Thompson,woodtheresa@example.net,mccallsusan,5$0%CBmZu%
Amy Harris,esalas@example.org,jmorales,fnP%1V$mKr
Melinda Harvey,mark20@example.com,milessarah,7XyGTh(e+s
Ronald Riley,wrightemily@example.com,mitchellandrew,Otb+98Ti&O
Julia Wilson,john02@example.net,andrew10,%Ly4&WuGFk
Cynthia Thomas,washingtonrussell@example.org,ccampbell,^aj9zI(eCS
Michael Henderson,amanda79@example.com,kmeza,qx4716LY9&
Jacob Howell,nbryant@example.org,john25,&J7r@1Uu6*
Keith Pham,patricia22@example.org,ymoore,d0n0oLjk%D
Michele Buck,johnhernandez@example.org,emorgan,i_1+CCkMv9
Amy Thompson,ryan59@example.org,ohurley,#zb!L2t#^7
Tina Mclaughlin,karabennett@example.com,ylane,y0NcJ0b2!V
Catherine Collins,nathanielsanchez@example.com,mmaldonado,K9Ozh$9l^5
Joseph Johnston,hdonaldson@example.net,maryshaw,052+o9Hd+)
Jesse Bowman,sharon09@example.org,kristie66,$gY+l3Ix01
Christina Sutton,martinjesse@example.com,zdiaz,!1XWTNICDj
Douglas Ochoa,younglisa@example.org,houstonpeter,U%5NSku+)6
Amy Tyler,conradlogan@example.net,leechristopher,!*tj5vlsQK
William Lowe,casey39@example.org,natasha20,FaGcQuDi&2
Mark Strickland,hansenelizabeth@example.org,roger97,3#sh0FUj(n
Michelle Dickson,yvonnemartin@example.net,derekrose,Kqj6ddEk&@
James Bradley,mcdonalddavid@example.net,bairdanthony,2DEw6lsV#7
Mark Osborne,keithhenry@example.net,christopherramos,6HLmJKQB)d
Shane Barr,richard49@example.com,ustone,t(!26N1!#i
Christine Reynolds,monicanorman@example.com,qjackson,9wJJuRgy%p
Joseph Hernandez,weaverjohn@example.net,skelly,&43Ux_JHAA
Juan Parker,betty77@example.org,pday,_^#_)DmMZ6
David Mcdonald,nelsonthomas@example.net,matthewhinton,a_$z9Wkvu+
Candace Schmitt,grahamedward@example.net,billyhess,s9HZ1%&t+1
Rachel Williams,ericcrawford@example.net,georgestafford,v7C3LUXn(6
Kayla Bass,bryan87@example.com,tuckerjason,P%_8Ak_t2N
Isaac Montgomery,kflores@example.net,fdiaz,iB1Xb8o0#&
Eric Farrell,jenkinscheyenne@example.com,smanning,2*ZS$Afy&b
Karen Buckley,rchambers@example.org,valvarez,#)cZadJwa4
Todd Perez,kowen@example.net,zday,$6V8bz^o*9
Theresa Cox,rodriguezjohnny@example.net,dhill,no393Vyx@d
Margaret Barrett,keithhuynh@example.org,ipeterson,$2Hm7eLj+r
Amber Kirby,charles70@example.net,qwilliams,HdT8$Ugv)0
Michelle Mata,charles56@example.net,robertbailey,&BCfMjyAt6
Thomas Smith,hardingmonica@example.com,mary41,S&8eZw(uma
Sara Madden,brandall@example.com,stevenramsey,i56CjOj!8&
Lisa Esparza,jacqueline92@example.com,collinselaine,IDY3JUWm%m
Aimee Price,whiteharold@example.com,jasonsmith,qHwt1zxwF^
Kelly Bates,sandrajones@example.org,bwilcox,ws$Qp99V_8
Steven Cooper,moorekimberly@example.com,iward,&S$_8s&u((
Kenneth Mclean,sean19@example.org,smithashley,4tI^3VYrD0
James Phillips,dale13@example.net,taylorvincent,E(L7Svu9J9
Jamie Wilson,djones@example.org,birddavid,%H4)1Ag@$z
Carla Cline,elizabeth83@example.net,clee,!ywh0WtE)(
Charles Mitchell,kkelly@example.com,ilee,^1nAdloZ1%
Joshua Allen,wmullen@example.com,wilsonfrances,&7wUpY%s(z
Karen Nelson,rodriguezjillian@example.net,valdezdarrell,h58svXrj*7
Kelsey Burke,david95@example.com,jason92,)M2EokJg**
Jonathan Campos,hthompson@example.net,xwalker,*yBn5NTk00
Christopher Wood,rlewis@example.org,holmessandy,_7G9Wgu(91
Seth Herrera,mbrooks@example.com,michaelbarron,wcEn88G%$3
Kristen Bishop,qkennedy@example.org,lopezdiane,c6mXXE_F@o
Lisa Green,zhenry@example.net,shanewiggins,(9%CWhIHEg
Larry Allen,beckymiller@example.com,dianetanner,J*o3Kf46j3
Gail Murray,henryevans@example.org,phillipsjeffrey,@SBU@uh_k4
Luis Baker,johnjenkins@example.net,travismonique,M*54^B1iSl
George Sandoval,murrayjustin@example.com,howellalexander,uX&w^EpL%0
Cristina Irwin,hhoffman@example.net,april18,NI3uYV&st_
Arthur Esparza,ericgutierrez@example.net,sampsondonna,L+I1Tz4nLL
Christopher Larsen,kevingonzalez@example.org,kristen69,@2l4H1+Otp
Richard White,ricardo89@example.com,jonclements,V9_ML7Vgov
Angel Hall,kimberly41@example.net,xgentry,#9AYruusGP
David Scott,stantonsamantha@example.org,martinkevin,(5AB(wID!_
Steven Pham,crosswendy@example.com,mcdonaldjustin,f)764N^fSM
Jessica Anderson,monica01@example.net,lshort,^gqUvOpvl1
Jordan Hill,sean15@example.net,bakerjeffrey,$TWCh%a3V5
Cody Clark,rebecca25@example.com,xmartinez,E1Kiw&Sy(7
Lisa Gutierrez,arthur36@example.com,skinnerjulie,+sV_rXj35E
Christina Sanchez,zjohnston@example.net,colesuzanne,2e4FnK#sq@
Jillian Cooper,urollins@example.com,kimberly80,$535HKcyO#
Kent White,ballardjacqueline@example.com,elizabeth72,#9GdFAYq7^
James Smith,dmiller@example.org,beverly08,*N1UAP6w#p
Michael May,thomasrichardson@example.net,andreapeterson,0e&0IK2dlQ
Jeff Watts,mwalton@example.net,daniellewalker,+l6M7ayna3
Benjamin Stuart,rcollier@example.com,aaron40,6YbkWfl9!1
Olivia Rogers,colemangregory@example.com,susan73,mrvxTRgI(7
Gregory Fisher,hmccoy@example.net,alexmay,(6jnOKMjCD
Tonya Bass,stephenanderson@example.net,lopeztheresa,lxoCZ74_$5
Nicholas Holt,deanjessica@example.org,harrisonjulian,5(r3BIDwEg
Diana Lyons,kmoore@example.net,simsashley,8XeZ*ag8!@
Joel Davis,asmith@example.net,lyonsbrian,2!4pZ%Vxqf
Steven Garrett,jeremyallen@example.com,iking,@oCAImMVn5
Amanda Smith,spencegeorge@example.org,colemanrichard,&1CX#slfia
Martha Smith,michael50@example.org,johnathanfriedman,4q$dDbl^+C
Nicholas Bradford,stanleybrandi@example.net,dkeith,VVL2kBc!J^
Shannon Rivera,stephanie45@example.net,webbbrittany,+RX^z*8r)0
Charles Moore,sharon30@example.com,robertgonzalez,Q*2Dy^vzFC
Zachary Brooks,valentinedavid@example.org,qwilson,J5Hkfr1&&P
Dr. Justin Martin DDS,mariamorris@example.net,beverly84,e!31XpqXuI
Mr. Jason Wilson,mary63@example.net,danielle95,%8xWEv3ELv
Brenda Smith,rriley@example.org,gonzalezryan,H!2tZ36ymC
Travis Finley,manuel32@example.net,jose68,%jpT8Lo#5s
Jocelyn Anderson,susan86@example.net,stephensjennifer,v3qGMTZ($K
Brandon Porter,psmith@example.com,simmonscatherine,#0uBfoN)QJ
Elizabeth Malone,brianfloyd@example.net,conwaywilliam,Ofi9U_KtG+
Sherry Harmon,perkinskaren@example.net,gallagherdouglas,WG6)9oPz#J
John Williams,fgarrett@example.org,brentrodriguez,8YPmC6de+5
Gary Mcdonald,nbenitez@example.com,lauren31,F(39NAipIc
Janice Anderson,ppearson@example.com,johnathan63,s7uLnhGh$!
Anthony Booth,thomas36@example.org,hernandeztimothy,A(8mIHs9FV
Madison Romero,javierdunn@example.org,jcastro,#e9mVffYi%
Randy Reyes,velazqueztravis@example.net,cynthia58,$i6z#tZbZG
Kristina Ward,tina04@example.net,anthonyjackson,%H!)2pKiq!
David Brandt,bartonjason@example.net,santossamantha,&MNT9(7aA0
Jonathan Hoffman,robertcampbell@example.net,kevin61,G018NOUj*l
Vanessa Brady,waltersbilly@example.com,kennedycourtney,Z(X1P$Br)5
Juan Michael,allengrace@example.org,jessica78,V%4s9YkYyU
Eileen Hernandez,lauren43@example.com,haleymitchell,(E4AnY)xf)
Kurt Phillips,michael19@example.org,masonjose,g@1jZkk)!D
Jonathan Payne,berrylaura@example.com,juliacarter,0EKgR*l&&w
Christian Miller,beckscott@example.org,qbarajas,SF*5wW^iiR
Wayne Mcmillan,walkerjennifer@example.org,cynthia55,&wtnLxays2
Michael Goodman,rachel56@example.com,martin64,35^9H!a1Qj
John Nelson,lisamckenzie@example.net,jennifermorris,l)$8I_2bXT
Jennifer Jackson,williamsmichael@example.com,ericsmith,C4AA7_Q9!d
Patricia Marquez,millerandrew@example.org,cooleydustin,Dqn2Tko@x*
Beth Campos,heidirandall@example.org,youngsamantha,_+1Ml37Y*b
William Welch,latoya09@example.com,summersjennifer,#O)VSQJe7I
Ralph Sawyer,christopher06@example.net,bobbycastro,3%rBKd+5%3
Sheila Stewart,scottblair@example.com,jason66,KJ#3Ti&f*S
Maria Herrera,beverly57@example.org,rodriguezmonica,_06h_XWd^A
Lisa Booker,ulopez@example.net,jaredguzman,XK9FNmKy&)
Valerie Sanchez,ramseytracy@example.org,vtrujillo,$!3JX#hCIm
Ashley Mack,yhudson@example.org,qbrown,^PaOO#Pe@8
Denise Lawson,thomasjohnson@example.org,justinlester,0v0BLLEH@D
Kevin Cook,smithbenjamin@example.org,joneskelly,fVIGGind#8
Paul Johnson,obrienheather@example.org,sawyerjohn,l8S03A)u#z
Eric Jenkins,kari72@example.net,alexander09,(1Dx*9kEyo
Sheila Jones,grayisabel@example.net,brianna78,$4AnZO4j8*
Robin Welch,garcianancy@example.net,barbarabenjamin,vle70PT^D!
April Gonzalez,barryrebecca@example.com,kellymccormick,%yB8EXguE(
Jose Wright,bennettyvette@example.org,nicolebrooks,dq3IwJkI7@
Michele Salas,jcoffey@example.org,marcusbass,V0Hr2C5lL^
Cheryl Forbes,cwalker@example.com,jonathan85,573TYtM3_B
Richard Cruz Jr.,carmen97@example.com,shellymccoy,!^9YsmKsa+
Kyle Gutierrez,sharon15@example.net,laurenmedina,+vWw7NPip2
Kenneth Mahoney,clarktimothy@example.com,blake89,)z^Pl5sm8i
Jason Bishop,zcannon@example.com,bradday,V(0HnSlall
Brandon Benton,robertphelps@example.com,nathangonzalez,3kg0VqOn)a
Sarah Taylor,nathanhughes@example.com,mark99,Y37EAdQy%1
Sergio Johnson,phunter@example.net,wevans,%)(*2WhvIB
Catherine Bright,rogersmeredith@example.org,foxann,j3HWc&bG^0
Jay Jones,ljohnson@example.net,tonyadavis,&0R_YfTuis
Tina Coleman,brett22@example.org,kelsey37,65e%Pc2n!P
Gregory Malone,cchandler@example.org,butlerpatrick,+9USiv5_Z@
Angela Tucker,amylove@example.com,schaeferjasmine,M$mtMk2&*6
Andrew Farrell,connerjessica@example.org,paula59,F8BXrkc+(t
Samantha Collier,tylercoleman@example.com,olong,ZG88RpHnd^
Rachel Cox,lisahunt@example.com,gallowayrobert,@d2VoFp4E(
Vanessa Thomas MD,lisa00@example.net,tmiller,yZh9NmQvR(
Chad Young,christopher66@example.net,clinesean,JeAo9Hbd7_
Michael Erickson,chenkimberly@example.org,dponce,Q5z&_Llp(O
Carol Smith,raymond15@example.org,zachary01,%BXc6+FjHk
Timothy Quinn,cynthiamoran@example.com,dennis45,b&M2bSYpa@
Amy White,lmendoza@example.com,mchavez,J&(81YPnZJ
Danielle Lara,amanda00@example.net,pthompson,#4h$JZQw@0
Brenda Baker,brownjessica@example.net,lisaatkins,19DRF2gd#)
Laura Page,erinnunez@example.net,patriciacuevas,+(wzI8Pj6N
Leonard Graham,tsmith@example.org,brittney02,%3v)&FinD9
Kevin Mccarthy DVM,bakerjoanna@example.org,brewerrebecca,#!7YdBAmRG
Jonathan Barron,wheeleredward@example.com,rachelsolis,C+d8OZwjnw
Adam Peck,tiffanyfields@example.net,yfields,0%c8iOo&IC
Gregory Lawrence,xscott@example.com,lbailey,2U54IS7pM_
Kristin Kelly,pmiller@example.org,elizabethgomez,)aFthBWxI3
Michael Dominguez,johnsonkevin@example.net,nneal,+2B%JhZaCF
William Hill,alexisparker@example.com,amber94,b1y!w0We^N
Christine Harris,bryanhowell@example.org,kimberly89,uhnv7^Jy%u
Pamela Galloway,mhawkins@example.net,jeffreysteele,teF202Ml(m
Brian Pennington,emmadean@example.net,markhansen,o$@8HVAzSZ
Christopher Crane,edwardswendy@example.net,davisbrian,x9L37U8u#h
James Campbell,watkinsmartin@example.org,michael11,Q1*eR(ef)5
Daniel Cox,carsonalisha@example.net,russellgoodwin,wlYB$yDS+5
Jasmin Mejia,corysmith@example.net,middletonderek,@NoS1%wDb9
Tiffany Webb,lopezelaine@example.org,troy60,I+00GV9jNq
Brenda Adams,williamsonsarah@example.com,echavez,CABAKl%%+6
Leah Davis,lance92@example.org,wendy30,z%!3STtGMH
Lisa White,silvalauren@example.com,johnsongina,8&7a%^MyH+
John Torres,youngemily@example.org,candacecalderon,f5jVDF&f^d
Patrick Rodriguez,teresa22@example.org,hrusso,(lfUx7bn8s
Joseph Williams,lmoreno@example.org,vargasjennifer,rU@7SKiUGE
John Madden,hgaines@example.net,herringjessica,PS1bC4cj!!
Matthew Harper,zallen@example.org,chayden,KSo1X@zr3)
Kristie Lopez,snydernancy@example.com,hernandezdavid,@1kG*n#x95
Robert Alvarez,hlane@example.org,stokespatrick,yhA2S2xx(Z
Dr. Jessica Fleming,pattonmelvin@example.org,tatedawn,T!P++9QoqD
Dillon Austin,christopherperkins@example.net,monicalopez,)0fpoIrf)E
Lori Rice,chayes@example.org,amanda69,U0MHbmrY_O
Jenna Garcia,peggy14@example.net,vanessa52,!7HpNatB#B
Paula Hines,victor37@example.net,usmith,9*O05RfNLs
Stephen Rios,xstanley@example.org,jacksonmike,^9Dsf(VQF1
Karen Bernard MD,cameronallen@example.com,michaelroberts,U+2i8Lko2!
Todd Davis,martinezstephanie@example.net,timothy32,!%O*Nlv8e7
Tara Garcia,schmidterika@example.net,mccoykrystal,0izBhGzo$_
Joshua Sims,hollowaywilliam@example.com,austingregory,6j5mVH_lj%
Jennifer Turner,lisaandrews@example.org,debra74,$7HZEuho71
Jamie Holmes,michael82@example.com,ronaldlowe,52J*9Of1Tn
Nathan Bailey,stevenjenkins@example.net,lisaboyd,#m%b6EfIZB
Lisa King,cheryl26@example.net,turnersteven,)gm0Yfup7f
Mark Fletcher,nicolebenson@example.org,thomas18,J4qP6Ezd%d
Margaret Daniels,william37@example.net,fbarnett,hcx@W6JpAO
John Martinez,jenniferpena@example.net,christina47,*#3CBkop1d
Jesus Ramirez,cschultz@example.net,cayala,EhH_Kz*b*8
Marissa Miller,florestyler@example.com,stevenosborne,+1jhi(Vf(+
Natalie Gordon,jacqueline78@example.org,angelahernandez,3j1Hg+HW(C
Ronald Potter,kortiz@example.org,matthew41,tCC8ZDtX+F
James Weber,antonio84@example.net,omar60,)NCg4Px_Ed
William Craig,taylorbrittany@example.org,wchapman,N@)k5HDxUy
Dr. Cody Alexander MD,sheila91@example.net,gthompson,Gr(Ud(w!@1
Jeffery Bonilla,dmccoy@example.net,trujillostephen,*P0NCa3Kcm
Andrea Lopez,allisonmurray@example.org,marc06,y4&2Uuag)9
William Pope,susangarcia@example.com,teresamoore,a7cKZ@ao*l
Lisa Hall MD,bradley64@example.com,ybaker,J#7EKDwjYl
Leon Campbell,rodriguezdonald@example.org,powelljason,v_2Le(p(0$
Eric Daugherty,xryan@example.org,dean81,@tjV2NzOam
Ricky Wise,christopher85@example.org,charlescarter,B7NXsNEy&2
Lisa Pierce,michael85@example.com,robertvaldez,00fATfVg%0
Eric Forbes,hwallace@example.com,stevensilva,Up0LK6Ni+V
Sarah Gregory,landrews@example.org,veronica19,ANW3Hh%t^J
Derrick Johnson,jdavidson@example.com,brookssteven,_NQKgveLG0
Carla Huffman,christianjoe@example.org,davismichael,@hq55+Qpc9
John Cole,tjordan@example.net,vincentdeanna,^zsMHZNeG1
Diane Vaughn,susan01@example.com,bconrad,^qXP4pQx2f
Angela Nichols,coconnor@example.com,onorris,sALfn_y%$3
Vanessa Decker,sean52@example.net,williamscarol,+3Z*YKzvRk
Vickie Wallace,donald10@example.net,robert00,L2rPLfd4(3
Antonio Gomez,scott48@example.org,jenniferhunt,Az9hIDeH5_
Derrick Salas,moorelorraine@example.net,coopersheri,JRSLm0Zyd^
Rachel Williams,gillespiesharon@example.org,nicole09,_CPAn%gSk0
Mr. David Ochoa,medinaandre@example.org,catherinelee,)k)3NVNe^2
John Sawyer,vdavis@example.net,sgonzalez,p2u8I7ry@f
Edward Harrison,brenda91@example.org,barryjenkins,IcI6XNu$&_
Alexandra Stafford,anthony97@example.com,charlesanderson,x*z3JVDm7p
Julie Farmer,ajohnston@example.net,michaelfrazier,n4gZwMTc@U
Bryan Hale,molinamarc@example.org,bridget88,+0)Kjt*ZB1
Brian Jones,ethompson@example.net,lambjacob,M9Kr!G8E)#
Valerie Malone,fwatson@example.com,allison74,#5U5Npj5e*
Mario Boyd,michealferguson@example.org,caleb62,o%7A0xU9e4
Margaret Baldwin,bwilliams@example.org,williamrichardson,G0Gvjqa2*S
Wesley Bowers,millerann@example.net,morganmeyer,Do7yM7Dr&V
Shelley Singleton,gabriella12@example.org,sotobenjamin,&627uXmxMs
Donald Boyle,zfischer@example.net,katherine31,*#5boFNjpN
Christine Rivera,kevin95@example.net,melanielandry,D+f3NP*ogH
Mary Pierce,rgates@example.net,gabriel81,+I5zE)Cw66
Julie Merritt,sararichardson@example.com,harrisadriana,q9H2@TSB!N
John Morgan,edwin26@example.org,rushcarrie,35_H2jan)B
Kevin Cervantes,james28@example.org,chadgarcia,FHT(0#Tc2#
Wesley Garcia,xparker@example.org,george47,&TXM6Npi#M
Bianca Elliott,vaughanrebecca@example.org,lawsonnicholas,^z3SFoy31^
Robert Peters,ymitchell@example.org,kwillis,R_2nM)Zo)J
Raymond Brennan,crystallarson@example.net,crice,1HE5OIaH*k
Ryan Williams,copelandgary@example.com,benjaminturner,^w4CusPj_H
Jonathan Edwards,rcraig@example.org,jaredmontgomery,V5InW5Mk(^
Christopher Hart,willie06@example.org,brownsharon,@qWE+OhB0p
Thomas Richardson,williamfleming@example.org,davidblair,Tj(x7eSneG
Sophia Lewis,fday@example.net,wlarson,))j940IyXN
Karen Graham,eugene45@example.com,kathrynnovak,FxDOqw1Z%8
Eric Jackson,duncanjustin@example.net,gordonkendra,f!)5x0Ae8(
Ross Odonnell,nathanieldalton@example.org,glenn85,G%2$6Iuq$R
Gabriel Preston,fosterjacob@example.net,mnash,#fjJgizky6
Anthony Obrien,nicholas07@example.com,jamesperry,^9mtzDbY+F
Justin Smith,ashley27@example.com,angelawillis,#LBgBqdzt6
Brian Nash,carla59@example.net,michelerussell,3ey^_5Xbp+
Nancy Weiss,qanderson@example.org,annahobbs,&OPZFg1C1N
Vanessa Peterson,angie37@example.net,jmorris,_4YaI9nz+L
Joe Bell,michael63@example.com,diamondmann,%1X9eZwv@Q
Jennifer Green,charris@example.net,jason19,_1R3KLCtF3
Theodore Solis,dfoley@example.org,leestephanie,gz5MFtc0)#
William Hayes,kellystacey@example.com,christinekeith,)N8KgzKw%a
Christopher Brown,cgray@example.net,lisamoreno,g602O5Kne%
Francisco Baker V,lindseysmith@example.com,wilcoxbenjamin,+cr6HDhsl*
Stefanie Willis,wcain@example.org,smithchristopher,H+3$1+x*(E
Cheryl Smith,rdelgado@example.net,kvincent,Wu0O0VZ*^!
Amy Wright,anthony02@example.net,kevinvelez,^LkVvapys1
William Copeland,pamela46@example.com,codyhale,$&@X87Au#9
Jon Parker,allisonvalenzuela@example.org,perezjames,$8K1rqoWv0
Stephanie Mullen,benjamincarlson@example.net,millerjulie,E7zTmLW3&e
Alexander Lopez,jamesfry@example.com,uellison,6(%TPNNh$1
Brian Swanson,kayla50@example.com,mark41,_WSklt$X00
Sandra Armstrong,chelsey92@example.org,coxolivia,_5NE(6p5u^
Steven Dean,oblack@example.org,davidtran,fwLVa^gi@6
Robert Dunlap,hornkelsey@example.net,sethgonzalez,Hh5TEFen+z
Christopher Adams,kristinweber@example.com,whorn,(8W)SWtqO2
David Jenkins,brittany84@example.net,hicksjulie,@7XUVVld@d
Terri Wallace,deanna03@example.org,justin57,#5G&c#rxfe
Robert Reynolds,lisaromero@example.net,reneeanderson,@@r8WR6diC
Lauren Huff,stevenmeyer@example.org,millermark,#G3V&ms&F_
Crystal Thomas,robertsonlaura@example.net,williamhill,^hOywkAo5z
Michael Blair,byrdpeter@example.net,harrisdavid,&GyQl#GQx7
Wesley Cortez,drogers@example.org,eellison,_lClFg+eU0
Rebecca Navarro,travis14@example.org,kevin33,#u_6JdeU(h
Lori Hendrix,moorerebecca@example.com,allenrachel,qMs6mHu_N%
Tonya Wade,laura63@example.net,amandahopkins,PQQ1hi7bX)
Mr. Thomas Stevens Jr.,smithbrent@example.com,theresamartinez,2GISUFLe@3
Michael Grant,medinakelsey@example.net,bellpatrick,Y)Vg4LEZ$j
Carl Robertson,cochranmichael@example.net,bmurphy,3X07Fn7C*^
Rhonda Maxwell MD,patelvanessa@example.com,lori50,Ir+C8xLy6s
James Fernandez,deanjackson@example.net,jonathan30,D*3HH6reY1
Matthew Quinn,andrew77@example.net,jsandoval,&@9IL)Hj@&
John Porter,jacquelinehayes@example.com,patriciaprice,S!2Lv+(w3W
Hayden Wells,nicholas48@example.net,john50,WSTxeZ%d$9
Elizabeth Carter,coopertimothy@example.org,johnsonronnie,T7#m!b+a_k
Christina Edwards,shannonoliver@example.net,smorgan,@Q1Pxu1f%0
Tyler Thornton,jimmynorris@example.net,guerrabailey,!9+P!hm&kP
Melissa Joseph,vmcmahon@example.com,abautista,+4%gUBAvv)
Lindsay Johnson,jkelly@example.com,martinmegan,_bl1SLaiRe
Debra Wright,pford@example.org,denise58,^4MPNwPi85
Stephen Cruz,chawkins@example.com,nolansarah,7Z_m(DOe^8
Michael Hogan,jennifermiller@example.net,donald53,6%f4Yl_^f6
Gordon Rhodes,schmidtelizabeth@example.com,lambertsamantha,mqv(4BCuOS
Douglas Jackson,gdoyle@example.net,oclements,EyC#jIkS^3
Craig Young,josephedwards@example.com,ywarren,(c6JG%ml0&
Jordan Moore,contrerasmelanie@example.net,nelsonkenneth,*#IUgJfGt1
Morgan Green,xblackwell@example.net,daniellehall,D7YZ&Yua(g
Michelle Miller,samueldixon@example.org,kevin68,)0tRwn1lCC
Allen Walker,irodriguez@example.net,tinajohnson,#3XD2P!h*V
Justin Golden,clifford11@example.org,uperkins,nv!gI7TqBt
Colleen Scott,ijones@example.net,smartin,&&10ejFfIN
Lisa Lopez,bdavis@example.org,tfreeman,4GHGNLt+%4
John Anderson,ruizjames@example.com,adavis,k!z2w@Hs3l
Tamara Gonzales,gtaylor@example.net,bmeza,&0jYvYFh)E
Jacob Ruiz,usmith@example.com,scook,m92ZwAObT+
Billy Novak,kennethclark@example.org,elizabeth64,$s8YMgIhlc
Alfred Bird,gsmith@example.org,sydneydoyle,%apqJGC+t0
Jessica Knight,willisjuan@example.com,michaelfrost,WA22CdkjQ&
Jennifer Rice,franklinstacey@example.net,dixonbrian,r5YNZhov)N
Tara Roy DVM,andreakemp@example.org,ksmith,ffK*$x)y@9
James Mooney,banksbrent@example.net,marvinriley,$5Rg&iw7oY
Tracy Valencia,garyrice@example.com,jenniferjohnston,y5zA+A6r$1
Deborah Rogers,chenlonnie@example.org,harrisalejandro,Sl3kZ6fuH$
Justin Garrison,hocrystal@example.com,berrytanner,$_1ftPIfCZ
Adam Wilson,nicholasmiller@example.com,mramirez,W*6_DVpK_Y
Brian Shepard,acastillo@example.net,bdouglas,+HxB6W8vE^
Jim Erickson,britter@example.com,rmorgan,)q5XSrnyP@
Karen Pace,smithjeffrey@example.org,dennisalexandria,U8Tc*jDS!W
Zachary Brown,cookkelly@example.com,johnsonalejandro,(9B$#sNj1m
Mrs. Emily Mccormick,theresa25@example.com,cameron54,m#HUn3IgQk
David Torres,tracyrowland@example.org,george71,s9DFt)PX_v
Mr. Gregory Graves MD,morrowmitchell@example.org,briancole,&PJ9_hCfOO
Taylor Roberts,hessjennifer@example.org,pmurphy,%*5YYuEZI(
Kenneth Simpson,michaelwoods@example.org,hallrebecca,&!I7rVx)zW
Paul Valentine,allison24@example.com,aaron84,#q7!D#il%U
Ian Acosta,mary74@example.com,kochmegan,_)yEb2$lV7
Debra Walker,eferrell@example.com,nstone,7DHW7g6l)(
Justin Curry,david98@example.net,morriskristina,n+2fLuk#+8
Michael Thomas,vanessavasquez@example.org,duranronald,yE5Md8bT)_
Kelly Hernandez,ashley58@example.org,jennifer63,B^92j5LkVe
John Anderson,joyceedward@example.net,nmartinez,7NNuR2d1#+
Gabriel Rodriguez,johnpeters@example.com,teresawhitehead,_6tASbEi!7
Victoria Quinn,jesse18@example.com,dianemarquez,R*Lo7Lduio
Andrew Smith,hkim@example.com,sheilabush,#wEaG6dJc6
Sophia Fernandez,kylegarcia@example.net,christina37,*J6J2)Bk#X
Stephanie Powers,jerryhill@example.com,othompson,*x3%CFxY1#
Yvonne Gutierrez,nancy26@example.com,randallrodriguez,@C&xNhAWQ1
Mrs. Brooke Fischer,rbird@example.net,flowerstony,&_V)HURW4w
Samantha Smith,philip11@example.net,riosdouglas,518PCl(R+y
Rachel Cox,bauerjames@example.com,deleoncarolyn,@7BlbZ^fTy
Sherri Obrien,claytoncolin@example.net,ggibbs,V0PFja*r+2
Jordan Pennington DDS,tpennington@example.com,eric93,(36&THco3c
Steven Nguyen,leejamie@example.org,paula96,byo2EA0Ct)
Kara Harmon,mvelez@example.net,udunn,Ro+U1N)st1
Stephanie Gonzalez,karenwhite@example.org,richardsonphillip,7%2BXtuqIp
Krista Wilson,christopherking@example.net,hollyriley,*CXzCtyi8^
Mr. Bill Flores,rhooper@example.com,phuynh,C^jf0WycP3
Robert Melton,rrichardson@example.net,leonardvelasquez,Vji0GAejv@
Kelly Ward DVM,courtneypatterson@example.net,bdecker,&0uBR0Uwln
Richard Brewer,baileynatalie@example.net,megan61,ZuL+AsSg_8
Kimberly Cooper,burnslisa@example.org,keith21,+*S1Nfsp(H
James Miranda,georgekeller@example.net,mvillegas,xRUnLKx*#6
Lisa Peters,gnguyen@example.org,fnewton,#lR3Lj9QGe
Michael Avery,wwolf@example.com,thomaskenneth,UHa@3kWe((
Robert Andrews,carolhansen@example.com,sheilamooney,bPQRdQQz(1
Melissa Williams,oholmes@example.org,nrivera,SRhm5UWtv@
David Thomas,caitlin21@example.com,moorejeffrey,*7TPvhNF!v
Amanda Norris,pbrown@example.org,fosterchristopher,52n#EUtz!d
Thomas Chapman,evanscarlos@example.com,stevendouglas,U5&UEjzI%r
Julia Ramirez,cheryl85@example.net,oharris,5VOtRj@c+0
William Nguyen,lorirose@example.org,pamela12,+2VN1Abj)h
Rebecca Taylor,amyevans@example.org,makaylacampbell,!2uJeDit%7
Andrea Zimmerman,rebekah50@example.com,fpowell,*8E2J3x*k)
Adam Marshall,brandonmorris@example.com,amanda21,#&$^DXSwP3
Richard Arroyo,taguilar@example.com,bellalexander,S9aF03lb*k
Heidi Porter,callen@example.com,james70,!sx1Hkf+h+
Heather Neal,noahprice@example.com,lmartin,86Q1f@@l(_
Heather Brandt,sarah40@example.net,qmoore,)4cu9HqZe&
Christy Schmidt,rogerskathy@example.org,johnsonkimberly,o94ZHAjiJ#
Gerald Howard,johnwilson@example.org,ljohnson,V!e6GvyRkT
Shawn Brown,ashleyperkins@example.net,jim38,_Ra51NigID
Mark Garrett,hicksjoshua@example.org,cmaldonado,LS)1WlDpMy
Shannon Cole,joeljimenez@example.org,kathrynirwin,Jen5_LRr+p
Jessica Huffman,martin60@example.net,robert74,%Bt7FLvwLr
Joshua Meza,allensherri@example.com,maysrobert,H1kWwq0Y^k
Kevin Glenn,james41@example.net,cody90,+bUI_+S^E7
a,a@tec.mx,a,a
Gael Duro,duroteccem@tec.mx,eldurodeltec,eldurodeltec
aaaa,aaaa@tec.mx,aaa,aaa
a,iia@tec.mx,123,123
alvarito,alvarito@tec.mx,alvarito,alvarito
alvarito,alvarito@tec.mx,alvarito,alvarito
aaaaa,aaaaa@tec.mx,afafas,afafas
